timestamp_secs,measured_kW
1697879048,2145.17
1697879049,2150.24
1697879050,2155.30
1697879051,2160.37
1697879052,2165.43
1697879053,2170.50
1697879054,2175.56
1697879055,2180.63
1697879056,2185.70
1697879057,2190.76
1697879058,2195.83
1697879059,2200.89
1697879060,2205.96
1697879061,2224.46
1697879062,2236.53
1697879063,2243.84
1697879064,2244.48
1697879065,2249.12
1697879066,2271.73
1697879067,2310.78
1697879068,2338.15
1697879069,2371.44
1697879070,2413.85
1697879071,2439.18
1697879072,2502.24
1697879073,2602.96
1697879074,2680.00
1697879075,2746.58
1697879076,2858.52
1697879077,2869.78
1697879078,2805.44
1697879079,2718.31
1697879080,2641.14
1697879081,2612.38
1697879082,2640.34
1697879083,2688.43
1697879084,2727.89
1697879085,2718.55
1697879086,2615.77
1697879087,2478.14
1697879088,2398.05
1697879089,2347.77
1697879090,2328.43
1697879091,2317.32
1697879092,2304.85
1697879093,2301.12
1697879094,2311.69
1697879095,2348.45
1697879096,2387.20
1697879097,2424.14
1697879098,2448.50
1697879099,2467.36
1697879100,2459.01
1697879101,2446.76
1697879102,2443.17
1697879103,2440.32
1697879104,2431.34
1697879105,2439.50
1697879106,2457.26
1697879107,2467.45
1697879108,2472.23
1697879109,2485.63
1697879110,2482.23
1697879111,2471.53
1697879112,2460.34
1697879113,2456.79
1697879114,2450.32
1697879115,2449.76
1697879116,2462.93
1697879117,2465.65
1697879118,2470.28
1697879119,2474.49
1697879120,2474.92
1697879121,2457.52
1697879122,2455.73
1697879123,2451.29
1697879124,2444.74
1697879125,2443.54
1697879126,2456.03
1697879127,2458.35
1697879128,2464.87
1697879129,2472.82
1697879130,2470.62
1697879131,2458.77
1697879132,2452.70
1697879133,2448.99
1697879134,2446.19
1697879135,2450.47
1697879136,2460.65
1697879137,2464.08
1697879138,2472.07
1697879139,2477.53
1697879140,2466.97
1697879141,2458.78
1697879142,2457.70
1697879143,2453.75
1697879144,2454.62
1697879145,2461.29
1697879146,2464.69
1697879147,2469.83
1697879148,2480.96
1697879149,2477.69
1697879150,2469.79
1697879151,2466.08
1697879152,2458.68
1697879153,2455.97
1697879154,2455.74
1697879155,2459.91
1697879156,2462.48
1697879157,2477.91
1697879158,2479.04
1697879159,2471.67
1697879160,2466.12
1697879161,2463.66
1697879162,2459.25
1697879163,2464.73
1697879164,2468.11
1697879165,2468.99
1697879166,2478.86
1697879167,2496.63
1697879168,2480.92
1697879169,2471.83
1697879170,2471.64
1697879171,2467.84
1697879172,2461.79
1697879173,2469.52
1697879174,2472.69
1697879175,2474.16
1697879176,2491.61
1697879177,2495.49
1697879178,2483.11
1697879179,2481.03
1697879180,2479.93
1697879181,2482.31
1697879182,2477.77
1697879183,2477.73
1697879184,2479.81
1697879185,2486.99
1697879186,2490.49
1697879187,2472.12
1697879188,2468.99
1697879189,2467.16
1697879190,2459.52
1697879191,2452.27
1697879192,2454.38
1697879193,2455.89
1697879194,2456.56
1697879195,2465.84
1697879196,2473.61
1697879197,2465.34
1697879198,2464.68
1697879199,2463.20
1697879200,2450.81
1697879201,2442.18
1697879202,2461.77
1697879203,2464.11
1697879204,2464.96
1697879205,2478.06
1697879206,2484.37
1697879207,2465.90
1697879208,2462.20
1697879209,2461.28
1697879210,2450.05
1697879211,2443.95
1697879212,2463.99
1697879213,2474.89
1697879214,2476.42
1697879215,2482.30
1697879216,2487.61
1697879217,2469.82
1697879218,2454.30
1697879219,2452.58
1697879220,2446.79
1697879221,2411.23
1697879222,2383.37
1697879223,2402.76
1697879224,2419.53
1697879225,2423.84
1697879226,2440.93
1697879227,2477.26
1697879228,2485.33
1697879229,2468.95
1697879230,2464.40
1697879231,2463.18
1697879232,2448.12
1697879233,2415.06
1697879234,2414.15
1697879235,2431.31
1697879236,2438.06
1697879237,2441.81
1697879238,2458.74
1697879239,2476.03
1697879240,2463.81
1697879241,2451.26
1697879242,2444.77
1697879243,2440.00
1697879244,2416.88
1697879245,2412.11
1697879246,2442.54
1697879247,2463.71
1697879248,2469.02
1697879249,2475.93
1697879250,2493.35
1697879251,2483.96
1697879252,2462.52
1697879253,2454.58
1697879254,2451.24
1697879255,2432.54
1697879256,2406.73
1697879257,2391.28
1697879258,2418.53
1697879259,2427.68
1697879260,2430.51
1697879261,2448.30
1697879262,2486.86
1697879263,2478.06
1697879264,2458.91
1697879265,2451.04
1697879266,2444.95
1697879267,2421.60
1697879268,2399.86
1697879269,2406.47
1697879270,2428.72
1697879271,2439.57
1697879272,2442.56
1697879273,2452.73
1697879274,2473.46
1697879275,2468.29
1697879276,2451.24
1697879277,2441.26
1697879278,2436.24
1697879279,2421.08
1697879280,2401.03
1697879281,2397.20
1697879282,2431.03
1697879283,2442.81
1697879284,2447.17
1697879285,2463.37
1697879286,2482.96
1697879287,2477.88
1697879288,2456.52
1697879289,2449.90
1697879290,2444.44
1697879291,2428.27
1697879292,2400.31
1697879293,2411.45
1697879294,2432.01
1697879295,2442.53
1697879296,2442.86
1697879297,2467.10
1697879298,2488.70
1697879299,2478.19
1697879300,2462.90
1697879301,2460.09
1697879302,2449.19
1697879303,2420.64
1697879304,2398.08
1697879305,2402.07
1697879306,2426.70
1697879307,2436.17
1697879308,2440.70
1697879309,2461.27
1697879310,2477.75
1697879311,2469.65
1697879312,2442.57
1697879313,2436.97
1697879314,2428.09
1697879315,2408.30
1697879316,2390.40
1697879317,2379.77
1697879318,2395.29
1697879319,2411.69
1697879320,2413.37
1697879321,2425.86
1697879322,2471.43
1697879323,2478.43
1697879324,2458.19
1697879325,2445.48
1697879326,2441.60
1697879327,2421.79
1697879328,2395.92
1697879329,2390.66
1697879330,2404.41
1697879331,2419.36
1697879332,2431.08
1697879333,2442.71
1697879334,2461.65
1697879335,2474.44
1697879336,2462.65
1697879337,2431.93
1697879338,2416.31
1697879339,2410.99
1697879340,2393.02
1697879341,2383.64
1697879342,2377.20
1697879343,2402.84
1697879344,2423.45
1697879345,2428.59
1697879346,2440.65
1697879347,2495.63
1697879348,2496.48
1697879349,2469.79
1697879350,2460.19
1697879351,2454.55
1697879352,2423.27
1697879353,2399.59
1697879354,2412.83
1697879355,2444.58
1697879356,2447.79
1697879357,2452.25
1697879358,2475.08
1697879359,2487.55
1697879360,2469.20
1697879361,2462.58
1697879362,2460.01
1697879363,2444.61
1697879364,2427.29
1697879365,2446.58
1697879366,2456.22
1697879367,2461.97
1697879368,2467.75
1697879369,2481.79
1697879370,2472.94
1697879371,2466.77
1697879372,2461.54
1697879373,2457.84
1697879374,2450.21
1697879375,2458.95
1697879376,2466.83
1697879377,2469.64
1697879378,2477.69
1697879379,2484.49
1697879380,2473.61
1697879381,2464.42
1697879382,2462.09
1697879383,2452.93
1697879384,2436.84
1697879385,2451.61
1697879386,2460.18
1697879387,2462.64
1697879388,2469.45
1697879389,2487.88
1697879390,2474.58
1697879391,2467.99
1697879392,2467.84
1697879393,2461.85
1697879394,2460.98
1697879395,2467.94
1697879396,2468.85
1697879397,2470.38
1697879399,2490.33
1697879399,2490.73
1697879400,2477.58
1697879401,2474.55
1697879402,2473.22
1697879403,2443.64
1697879404,2413.65
1697879405,2389.91
1697879406,2400.02
1697879407,2403.53
1697879408,2388.85
1697879409,2389.40
1697879410,2402.25
1697879411,2394.80
1697879412,2398.45
1697879413,2449.44
1697879414,2473.41
1697879415,2474.65
1697879416,2469.05
1697879417,2444.08
1697879418,2390.34
1697879419,2363.64
1697879420,2344.13
1697879421,2335.05
1697879422,2318.26
1697879423,2311.56
1697879424,2307.38
1697879425,2305.58
1697879426,2325.55
1697879427,2360.27
1697879428,2365.51
1697879429,2374.47
1697879430,2391.52
1697879431,2387.49
1697879432,2393.07
1697879433,2451.77
1697879434,2477.57
1697879435,2477.82
1697879436,2471.41
1697879437,2447.94
1697879438,2392.38
1697879439,2361.27
1697879440,2346.19
1697879441,2336.55
1697879442,2319.57
1697879443,2310.08
1697879444,2305.60
1697879445,2304.05
1697879446,2328.70
1697879447,2355.35
1697879448,2367.20
1697879449,2374.41
1697879450,2388.79
1697879451,2382.11
1697879452,2384.14
1697879453,2433.54
1697879454,2462.19
1697879455,2465.87
1697879456,2461.27
1697879457,2442.59
1697879458,2396.14
1697879459,2364.66
1697879460,2346.72
1697879461,2333.89
1697879462,2316.85
1697879463,2309.13
1697879464,2306.11
1697879465,2307.87
1697879466,2329.49
1697879467,2357.89
1697879468,2364.88
1697879469,2375.00
1697879470,2387.07
1697879471,2382.85
1697879472,2390.46
1697879473,2442.27
1697879474,2467.34
1697879475,2470.43
1697879476,2465.14
1697879477,2446.09
1697879478,2399.03
1697879479,2364.80
1697879480,2349.64
1697879481,2339.05
1697879482,2321.14
1697879483,2307.37
1697879484,2305.01
1697879485,2304.43
1697879486,2328.24
1697879487,2352.94
1697879488,2359.02
1697879489,2369.49
1697879490,2381.90
1697879491,2377.30
1697879492,2383.74
1697879493,2440.07
1697879494,2469.11
1697879495,2470.21
1697879496,2466.20
1697879497,2451.95
1697879498,2404.43
1697879499,2366.30
1697879500,2351.78
1697879501,2340.59
1697879502,2324.31
1697879503,2310.32
1697879504,2305.85
1697879505,2305.57
1697879506,2323.96
1697879507,2345.19
1697879508,2350.00
1697879509,2355.69
1697879510,2370.38
1697879511,2367.58
1697879512,2371.74
1697879513,2435.25
1697879514,2474.61
1697879515,2477.23
1697879516,2472.70
1697879517,2458.87
1697879518,2410.18
1697879519,2362.29
1697879520,2345.96
1697879521,2334.75
1697879522,2330.56
1697879523,2311.59
1697879524,2305.28
1697879525,2302.47
1697879526,2319.16
1697879527,2340.62
1697879528,2348.82
1697879529,2356.65
1697879530,2371.58
1697879531,2371.89
1697879532,2372.68
1697879533,2422.90
1697879534,2471.00
1697879535,2475.16
1697879536,2470.84
1697879537,2457.99
1697879538,2407.78
1697879539,2368.01
1697879540,2353.96
1697879541,2342.42
1697879542,2329.65
1697879543,2312.31
1697879544,2304.91
1697879545,2303.28
1697879546,2323.35
1697879547,2344.75
1697879548,2350.43
1697879549,2360.76
1697879550,2376.44
1697879551,2374.53
1697879552,2373.21
1697879553,2430.52
1697879554,2474.14
1697879555,2476.05
1697879556,2470.13
1697879557,2460.88
1697879558,2412.92
1697879559,2363.34
1697879560,2352.43
1697879561,2339.16
1697879562,2323.58
1697879563,2307.79
1697879564,2302.68
1697879565,2302.31
1697879566,2322.95
1697879567,2339.32
1697879568,2349.41
1697879569,2359.32
1697879570,2373.62
1697879571,2371.55
1697879572,2376.61
1697879573,2430.60
1697879574,2467.83
1697879575,2474.13
1697879576,2468.57
1697879577,2456.76
1697879578,2408.10
1697879579,2365.26
1697879580,2347.22
1697879581,2334.27
1697879582,2324.11
1697879583,2309.05
1697879584,2304.16
1697879585,2304.16
1697879586,2325.08
1697879587,2339.38
1697879588,2349.84
1697879589,2355.74
1697879590,2368.62
1697879591,2364.78
1697879592,2370.00
1697879593,2424.46
1697879594,2463.98
1697879595,2470.24
1697879596,2464.38
1697879597,2459.47
1697879598,2406.60
1697879599,2365.61
1697879600,2349.96
1697879601,2335.73
1697879602,2327.42
1697879603,2311.01
1697879604,2303.79
1697879605,2299.51
1697879606,2316.05
1697879607,2336.18
1697879608,2343.98
1697879609,2354.32
1697879610,2369.29
1697879611,2373.23
1697879612,2370.76
1697879613,2426.76
1697879614,2462.50
1697879615,2467.07
1697879616,2461.17
1697879617,2452.85
1697879618,2409.25
1697879619,2365.61
1697879620,2351.10
1697879621,2335.40
1697879622,2325.80
1697879623,2307.95
1697879624,2302.11
1697879625,2300.17
1697879626,2323.04
1697879627,2345.10
1697879628,2354.45
1697879629,2363.06
1697879630,2377.34
1697879631,2375.26
1697879632,2371.46
1697879633,2429.48
1697879634,2466.47
1697879635,2471.64
1697879636,2468.26
1697879637,2460.03
1697879638,2404.44
1697879639,2366.61
1697879640,2347.23
1697879641,2335.13
1697879642,2324.40
1697879643,2309.65
1697879644,2302.83
1697879645,2300.78
1697879646,2318.37
1697879647,2342.08
1697879648,2352.42
1697879649,2356.85
1697879650,2371.02
1697879651,2371.50
1697879652,2365.96
1697879653,2419.53
1697879654,2463.12
1697879655,2469.77
1697879656,2464.34
1697879657,2455.56
1697879658,2405.93
1697879659,2365.01
1697879660,2346.16
1697879661,2331.20
1697879662,2321.50
1697879663,2308.39
1697879664,2303.28
1697879665,2299.77
1697879666,2314.27
1697879667,2337.78
1697879668,2345.22
1697879669,2354.39
1697879670,2368.85
1697879671,2372.35
1697879672,2370.22
1697879673,2419.65
1697879674,2459.76
1697879675,2468.92
1697879676,2465.92
1697879677,2453.37
1697879678,2407.07
1697879679,2363.49
1697879680,2343.27
1697879681,2330.91
1697879682,2319.74
1697879683,2308.52
1697879684,2303.52
1697879685,2300.03
1697879686,2309.59
1697879687,2338.74
1697879688,2354.55
1697879689,2363.23
1697879690,2376.86
1697879691,2384.20
1697879692,2373.72
1697879693,2422.48
1697879694,2461.76
1697879695,2469.22
1697879696,2466.67
1697879697,2454.83
1697879698,2411.41
1697879699,2365.43
1697879700,2346.99
1697879701,2334.91
1697879702,2324.43
1697879703,2313.40
1697879704,2307.01
1697879705,2302.85
1697879706,2311.36
1697879707,2338.24
1697879708,2343.86
1697879709,2350.57
1697879710,2364.56
1697879711,2370.90
1697879712,2370.95
1697879713,2415.84
1697879714,2468.13
1697879715,2476.51
1697879716,2475.81
1697879717,2462.69
1697879718,2420.87
1697879719,2366.94
1697879720,2348.35
1697879721,2331.22
1697879722,2320.79
1697879723,2309.66
1697879724,2304.84
1697879725,2301.73
1697879726,2306.14
1697879727,2331.07
1697879728,2337.17
1697879729,2344.27
1697879730,2359.37
1697879731,2366.63
1697879732,2365.65
1697879733,2411.14
1697879734,2475.00
1697879735,2479.49
1697879736,2475.48
1697879737,2466.70
1697879738,2428.87
1697879739,2361.30
1697879740,2345.45
1697879741,2333.91
1697879742,2322.19
1697879743,2311.42
1697879744,2303.69
1697879745,2299.61
1697879746,2310.63
1697879747,2331.08
1697879748,2341.13
1697879749,2352.59
1697879750,2368.48
1697879751,2373.57
1697879752,2373.40
1697879753,2412.00
1697879754,2464.19
1697879755,2471.73
1697879756,2468.34
1697879757,2462.02
1697879758,2423.33
1697879759,2366.86
1697879760,2346.94
1697879761,2334.13
1697879762,2320.55
1697879763,2309.62
1697879764,2301.37
1697879765,2297.04
1697879766,2310.73
1697879767,2333.96
1697879768,2346.80
1697879769,2355.92
1697879770,2371.12
1697879771,2376.19
1697879772,2373.48
1697879773,2407.71
1697879774,2460.42
1697879775,2470.92
1697879776,2467.69
1697879777,2458.85
1697879778,2419.38
1697879779,2366.33
1697879780,2342.56
1697879781,2331.24
1697879782,2320.28
1697879783,2309.25
1697879784,2302.80
1697879785,2300.83
1697879786,2311.82
1697879787,2336.95
1697879788,2343.67
1697879789,2350.28
1697879790,2366.82
1697879791,2371.20
1697879792,2364.58
1697879793,2410.80
1697879794,2466.84
1697879795,2476.47
1697879796,2473.28
1697879797,2468.57
1697879798,2427.44
1697879799,2368.12
1697879800,2341.47
1697879801,2330.65
1697879802,2319.01
1697879803,2306.87
1697879804,2301.42
1697879805,2304.29
1697879806,2313.84
1697879807,2340.57
1697879808,2349.57
1697879809,2356.77
1697879810,2372.62
1697879811,2378.02
1697879812,2368.93
1697879813,2393.90
1697879814,2458.70
1697879815,2466.99
1697879816,2465.14
1697879817,2458.02
1697879818,2423.89
1697879819,2371.82
1697879820,2346.55
1697879821,2331.76
1697879822,2319.17
1697879823,2310.36
1697879824,2301.98
1697879825,2298.01
1697879826,2307.51
1697879827,2331.71
1697879828,2339.44
1697879829,2347.91
1697879830,2365.00
1697879831,2370.75
1697879832,2366.59
1697879833,2398.92
1697879834,2452.73
1697879835,2472.88
1697879836,2473.63
1697879837,2465.26
1697879838,2432.72
1697879839,2381.65
1697879840,2346.79
1697879841,2329.81
1697879842,2317.70
1697879843,2308.50
1697879844,2300.87
1697879845,2297.70
1697879846,2304.56
1697879847,2329.82
1697879848,2334.96
1697879849,2344.34
1697879850,2358.81
1697879851,2372.90
1697879852,2368.43
1697879853,2402.44
1697879854,2454.44
1697879855,2469.82
1697879856,2466.23
1697879857,2458.14
1697879858,2431.93
1697879859,2378.12
1697879860,2346.25
1697879861,2330.97
1697879862,2318.19
1697879863,2309.73
1697879864,2300.71
1697879865,2296.26
1697879866,2301.57
1697879867,2331.44
1697879868,2338.93
1697879869,2343.70
1697879870,2364.57
1697879871,2376.36
1697879872,2370.10
1697879873,2394.48
1697879874,2448.19
1697879875,2464.73
1697879876,2463.58
1697879877,2454.31
1697879878,2428.00
1697879879,2377.22
1697879880,2346.34
1697879881,2330.64
1697879882,2323.26
1697879883,2311.78
1697879884,2304.26
1697879885,2299.73
1697879886,2308.32
1697879887,2334.49
1697879888,2336.13
1697879889,2346.78
1697879890,2366.18
1697879891,2375.55
1697879892,2369.17
1697879893,2397.77
1697879894,2450.00
1697879895,2464.98
1697879896,2461.92
1697879897,2454.65
1697879898,2431.76
1697879899,2385.20
1697879900,2346.56
1697879901,2332.23
1697879902,2318.85
1697879903,2309.84
1697879904,2301.42
1697879905,2296.25
1697879906,2307.29
1697879907,2329.97
1697879908,2333.97
1697879909,2341.68
1697879910,2362.49
1697879911,2371.06
1697879912,2371.38
1697879913,2392.98
1697879914,2442.44
1697879915,2462.73
1697879916,2458.62
1697879917,2451.68
1697879918,2429.75
1697879919,2375.98
1697879920,2349.73
1697879921,2332.03
1697879922,2319.20
1697879923,2312.16
1697879924,2304.45
1697879925,2297.59
1697879926,2302.28
1697879927,2328.07
1697879928,2338.60
1697879929,2349.38
1697879930,2367.92
1697879931,2381.74
1697879932,2373.76
1697879933,2394.67
1697879934,2441.75
1697879935,2461.70
1697879936,2459.02
1697879937,2453.22
1697879938,2433.65
1697879939,2387.13
1697879940,2355.01
1697879941,2341.25
1697879942,2327.52
1697879943,2317.47
1697879944,2305.90
1697879945,2298.54
1697879946,2300.38
1697879947,2320.15
1697879948,2328.56
1697879949,2335.64
1697879950,2355.30
1697879951,2368.79
1697879952,2366.20
1697879953,2388.64
1697879954,2446.01
1697879955,2462.06
1697879956,2459.77
1697879957,2451.98
1697879958,2432.01
1697879959,2382.67
1697879960,2353.08
1697879961,2338.82
1697879962,2325.15
1697879963,2315.40
1697879964,2302.30
1697879965,2296.80
1697879966,2299.78
1697879967,2326.05
1697879968,2340.38
1697879969,2347.10
1697879970,2361.54
1697879971,2374.84
1697879972,2365.64
1697879973,2386.97
1697879974,2439.49
1697879975,2459.73
1697879976,2459.77
1697879977,2455.11
1697879978,2440.05
1697879979,2404.08
1697879980,2362.36
1697879981,2345.39
1697879982,2333.53
1697879983,2320.00
1697879984,2305.78
1697879985,2296.88
1697879986,2302.72
1697879987,2330.44
1697879988,2339.98
1697879989,2343.17
1697879990,2360.59
1697879991,2371.78
1697879992,2360.62
1697879993,2380.78
1697879994,2436.07
1697879995,2461.99
1697879996,2462.92
1697879997,2456.47
1697879998,2439.32
1697879999,2388.31
1697880000,2350.38
1697880001,2333.43
1697880002,2321.94
1697880003,2310.61
1697880004,2302.79
1697880005,2296.70
1697880006,2301.52
1697880007,2332.81
1697880008,2347.39
1697880009,2352.93
1697880010,2372.62
1697880011,2382.23
1697880012,2367.25
1697880013,2381.10
1697880014,2432.46
1697880015,2456.27
1697880016,2458.57
1697880017,2453.46
1697880018,2436.15
1697880019,2385.67
1697880020,2349.22
1697880021,2332.75
1697880022,2323.14
1697880023,2311.41
1697880024,2305.40
1697880025,2297.72
1697880026,2302.60
1697880027,2326.11
1697880028,2344.35
1697880029,2355.07
1697880030,2452.98
1697880031,2484.88
1697880032,2526.97
1697880033,2557.94
1697880034,2549.87
1697880035,2462.22
1697880036,2421.14
1697880037,2449.79
1697880038,2537.70
1697880039,2577.92
1697880040,2741.76
1697880041,2942.01
1697880042,2887.31
1697880043,2805.54
1697880044,2980.87
1697880045,3601.02
1697880046,4217.44
1697880047,4890.34
1697880048,5683.43
1697880049,6292.23
1697880050,7142.37
1697880051,7344.35
1697880052,7349.47
1697880053,7352.96
1697880054,7352.47
1697880055,7360.01
1697880056,7362.20
1697880057,7363.58
1697880058,7367.01
1697880059,7365.35
1697880060,7369.60
1697880061,7372.09
1697880062,7374.00
1697880063,7375.53
1697880064,7374.29
1697880065,7377.68
1697880066,7381.25
1697880067,7382.20
1697880068,7377.90
1697880069,7376.04
1697880070,7376.03
1697880071,7373.69
1697880072,7371.82
1697880073,7368.27
1697880074,7366.35
1697880075,7365.03
1697880076,7366.52
1697880077,7364.30
1697880078,7362.09
1697880079,7363.54
1697880080,7365.33
1697880081,7365.69
1697880082,7364.87
1697880083,7364.98
1697880084,7369.25
1697880085,7374.94
1697880086,7376.22
1697880087,7376.34
1697880088,7376.64
1697880089,7382.52
1697880090,7382.24
1697880091,7384.23
1697880092,7382.18
1697880093,7383.25
1697880094,7382.26
1697880095,7386.62
1697880096,7386.41
1697880097,7388.53
1697880098,7386.77
1697880099,7390.22
1697880100,7391.92
1697880101,7392.52
1697880102,7388.75
1697880103,7390.35
1697880104,7393.33
1697880105,7396.91
1697880106,7395.03
1697880107,7398.66
1697880108,7401.97
1697880109,7403.45
1697880110,7403.02
1697880111,7402.74
1697880112,7398.11
1697880113,7397.40
1697880114,7397.94
1697880115,7400.53
1697880116,7402.14
1697880117,7401.05
1697880118,7404.19
1697880119,7405.56
1697880120,7401.45
1697880121,7394.67
1697880122,7395.78
1697880123,7396.78
1697880124,7399.83
1697880125,7401.12
1697880126,7394.77
1697880127,7399.27
1697880128,7399.96
1697880129,7397.52
1697880130,7390.54
1697880131,7390.98
1697880132,7389.99
1697880133,7386.91
1697880134,7387.13
1697880135,7389.05
1697880136,7383.79
1697880137,7383.07
1697880138,7385.89
1697880139,7383.39
1697880140,7374.14
1697880141,7377.74
1697880142,7381.68
1697880143,7381.97
1697880144,7381.34
1697880145,7378.80
1697880146,7375.21
1697880147,7371.94
1697880148,7369.94
1697880149,7365.30
1697880150,7364.71
1697880151,7366.39
1697880152,7365.51
1697880153,7363.70
1697880154,7362.26
1697880155,7352.81
1697880156,7354.23
1697880157,7356.90
1697880158,7359.66
1697880159,7358.43
1697880160,7354.81
1697880161,7353.63
1697880162,7352.40
1697880163,7350.17
1697880164,7349.32
1697880165,7351.40
1697880166,7353.84
1697880167,7354.90
1697880168,7355.46
1697880169,7351.12
1697880170,7351.21
1697880171,7349.96
1697880172,7349.45
1697880173,7348.95
1697880174,7347.31
1697880175,7347.70
1697880176,7347.92
1697880177,7345.02
1697880178,7342.78
1697880179,7338.26
1697880180,7337.33
1697880181,7337.23
1697880182,7338.91
1697880183,7335.39
1697880184,7333.53
1697880185,7332.41
1697880186,7331.00
1697880187,7331.89
1697880188,7332.67
1697880189,7332.38
1697880190,7334.35
1697880191,7336.47
1697880192,7335.21
1697880193,7335.43
1697880194,7334.15
1697880195,7332.86
1697880196,7328.53
1697880197,7326.31
1697880198,7324.98
1697880199,7321.59
1697880200,7318.81
1697880201,7319.84
1697880202,7319.14
1697880203,7315.91
1697880204,7317.52
1697880205,7313.46
1697880206,7308.39
1697880207,7306.85
1697880208,7299.85
1697880209,7297.78
1697880210,7301.56
1697880211,7301.79
1697880212,7302.66
1697880213,7302.83
1697880214,7304.47
1697880215,7305.67
1697880216,7302.50
1697880217,7301.36
1697880218,7301.11
1697880219,7297.16
1697880220,7297.46
1697880221,7300.32
1697880222,7300.37
1697880223,7299.91
1697880224,7301.91
1697880225,7300.02
1697880226,7297.98
1697880227,7295.96
1697880228,7291.77
1697880229,7294.62
1697880230,7296.10
1697880231,7298.00
1697880232,7299.51
1697880233,7300.72
1697880234,7299.28
1697880235,7294.54
1697880236,7297.53
1697880237,7297.38
1697880238,7295.37
1697880239,7293.60
1697880240,7296.73
1697880241,7292.18
1697880242,7288.14
1697880243,7286.39
1697880244,7287.68
1697880245,7288.97
1697880246,7292.35
1697880247,7292.87
1697880248,7292.69
1697880249,7291.60
1697880250,7291.91
1697880251,7290.62
1697880252,7291.35
1697880253,7292.14
1697880254,7293.30
1697880255,7294.71
1697880256,7292.71
1697880257,7292.00
1697880258,7290.57
1697880259,7291.03
1697880260,7290.57
1697880261,7292.43
1697880262,7290.94
1697880263,7288.96
1697880264,7289.33
1697880265,7290.13
1697880266,7288.81
1697880267,7289.85
1697880268,7292.82
1697880269,7291.01
1697880270,7289.56
1697880271,7289.99
1697880272,7288.81
1697880273,7289.70
1697880274,7288.42
1697880275,7288.76
1697880276,7289.16
1697880277,7287.66
1697880278,7285.16
1697880279,7288.94
1697880280,7289.69
1697880281,7290.40
1697880282,7291.78
1697880283,7290.79
1697880284,7291.26
1697880285,7293.39
1697880286,7292.91
1697880287,7292.87
1697880288,7292.99
1697880289,7292.15
1697880290,7294.76
1697880291,7296.61
1697880292,7295.48
1697880293,7297.38
1697880294,7294.56
1697880295,7290.78
1697880296,7286.44
1697880297,7285.47
1697880298,7282.68
1697880299,7286.01
1697880300,7288.44
1697880301,7291.66
1697880302,7293.45
1697880303,7295.57
1697880304,7298.36
1697880305,7299.80
1697880306,7297.69
1697880307,7294.84
1697880308,7295.07
1697880309,7293.45
1697880310,7294.70
1697880311,7296.78
1697880312,7295.27
1697880313,7298.84
1697880314,7300.52
1697880315,7302.48
1697880316,7299.22
1697880317,7299.78
1697880318,7299.30
1697880319,7298.24
1697880320,7296.06
1697880321,7299.89
1697880322,7303.35
1697880323,7305.17
1697880324,7303.18
1697880325,7305.84
1697880326,7303.46
1697880327,7296.76
1697880328,7299.45
1697880329,7302.47
1697880330,7301.42
1697880331,7302.42
1697880332,7305.40
1697880333,7305.24
1697880334,7305.14
1697880335,7305.82
1697880336,7305.75
1697880337,7302.94
1697880338,7301.67
1697880339,7302.86
1697880340,7303.37
1697880341,7306.27
1697880342,7312.09
1697880343,7313.43
1697880344,7313.10
1697880345,7312.64
1697880346,7306.45
1697880347,7300.58
1697880348,7300.55
1697880349,7301.80
1697880350,7301.69
1697880351,7303.33
1697880352,7305.17
1697880353,7305.83
1697880354,7303.54
1697880355,7305.25
1697880356,7303.62
1697880357,7301.31
1697880358,7302.44
1697880359,7305.94
1697880360,7305.18
1697880361,7307.06
1697880362,7307.52
1697880363,7306.65
1697880364,7304.03
1697880365,7303.79
1697880366,7297.83
1697880367,7298.79
1697880368,7300.12
1697880369,7303.22
1697880370,7303.09
1697880371,7305.45
1697880372,7306.81
1697880373,7308.16
1697880374,7308.00
1697880375,7308.37
1697880376,7308.11
1697880377,7302.73
1697880378,7303.38
1697880379,7303.23
1697880380,7304.22
1697880381,7302.27
1697880382,7301.07
1697880383,7301.57
1697880384,7301.52
1697880385,7301.00
1697880386,7302.60
1697880387,7310.53
1697880388,7312.23
1697880389,7314.26
1697880390,7313.20
1697880391,7310.21
1697880392,7310.85
1697880393,7308.29
1697880394,7307.17
1697880395,7306.64
1697880396,7304.74
1697880397,7305.03
1697880398,7308.45
1697880399,7309.84
1697880400,7314.59
1697880401,7314.76
1697880402,7309.95
1697880403,7308.19
1697880404,7309.28
1697880405,7302.65
1697880406,7302.51
1697880407,7310.98
1697880408,7313.40
1697880409,7312.31
1697880410,7315.97
1697880411,7316.13
1697880412,7317.84
1697880413,7317.54
1697880414,7318.78
1697880415,7314.78
1697880416,7312.01
1697880417,7309.53
1697880418,7308.64
1697880419,7308.84
1697880420,7310.37
1697880421,7316.16
1697880422,7314.90
1697880423,7316.28
1697880424,7318.52
1697880425,7316.94
1697880426,7317.12
1697880427,7325.30
1697880428,7325.74
1697880429,7324.00
1697880430,7322.22
1697880431,7319.10
1697880432,7318.56
1697880433,7319.93
1697880434,7321.32
1697880435,7320.78
1697880436,7320.08
1697880437,7322.54
1697880438,7325.04
1697880439,7324.44
1697880440,7325.25
1697880441,7324.22
1697880442,7320.29
1697880443,7319.24
1697880444,7320.24
1697880445,7323.62
1697880446,7317.83
1697880447,7317.18
1697880448,7317.80
1697880449,7314.26
1697880450,7310.10
1697880451,7313.64
1697880452,7316.29
1697880453,7314.97
1697880454,7315.81
1697880455,7313.24
1697880456,7317.88
1697880457,7318.41
1697880458,7320.17
1697880459,7320.56
1697880460,7321.97
1697880461,7324.59
1697880462,7324.11
1697880463,7324.52
1697880464,7325.23
1697880465,7326.06
1697880466,7323.36
1697880467,7327.25
1697880468,7327.20
1697880469,7326.13
1697880470,7319.95
1697880471,7319.95
1697880472,7318.06
1697880473,7316.03
1697880474,7314.71
1697880475,7316.93
1697880476,7316.98
1697880477,7320.03
1697880478,7321.65
1697880479,7320.15
1697880480,7319.17
1697880481,7316.47
1697880482,7313.31
1697880483,7311.39
1697880484,7312.91
1697880485,7316.25
1697880486,7319.89
1697880487,7322.88
1697880488,7324.44
1697880489,7324.26
1697880490,7318.91
1697880491,7319.03
1697880492,7316.95
1697880493,7314.59
1697880494,7313.75
1697880495,7319.07
1697880496,7320.24
1697880497,7322.04
1697880498,7323.05
1697880499,7320.01
1697880500,7318.37
1697880501,7324.43
1697880502,7326.90
1697880503,7327.16
1697880504,7329.19
1697880505,7329.22
1697880506,7325.67
1697880507,7322.07
1697880508,7322.53
1697880509,7325.24
1697880510,7325.19
1697880511,7327.17
1697880512,7330.70
1697880513,7332.49
1697880514,7331.01
1697880515,7331.99
1697880516,7336.19
1697880517,7336.16
1697880518,7335.43
1697880519,7332.34
1697880520,7330.27
1697880521,7323.23
1697880522,7321.73
1697880523,7320.67
1697880524,7316.52
1697880525,7317.74
1697880526,7321.83
1697880527,7325.38
1697880528,7325.94
1697880529,7326.19
1697880530,7327.63
1697880531,7331.83
1697880532,7329.05
1697880533,7328.92
1697880534,7333.98
1697880535,7336.86
1697880536,7334.82
1697880537,7335.88
1697880538,7333.77
1697880539,7329.31
1697880540,7327.58
1697880541,7327.58
1697880542,7327.98
1697880543,7328.77
1697880544,7324.35
1697880545,7324.81
1697880546,7325.69
1697880547,7327.54
1697880548,7326.05
1697880549,7325.23
1697880550,7326.58
1697880551,7326.35
1697880552,7324.87
1697880553,7325.22
1697880554,7325.02
1697880555,7326.03
1697880556,7324.83
1697880557,7324.96
1697880558,7323.83
1697880559,7323.78
1697880560,7324.82
1697880561,7329.59
1697880562,7326.84
1697880563,7326.21
1697880564,7328.18
1697880565,7328.88
1697880566,7327.42
1697880567,7329.71
1697880568,7333.14
1697880569,7329.22
1697880570,7331.57
1697880571,7332.90
1697880572,7332.48
1697880573,7324.97
1697880574,7322.45
1697880575,7321.96
1697880576,7321.72
1697880577,7321.44
1697880578,7323.88
1697880579,7328.96
1697880580,7329.40
1697880581,7331.77
1697880582,7331.77
1697880583,7333.05
1697880584,7333.89
1697880585,7334.05
1697880586,7333.61
1697880587,7334.69
1697880588,7328.31
1697880589,7330.39
1697880590,7330.05
1697880591,7332.27
1697880592,7330.84
1697880593,7331.64
1697880594,7328.06
1697880595,7327.36
1697880596,7322.79
1697880597,7322.12
1697880598,7324.77
1697880599,7328.34
1697880600,7331.27
1697880601,7334.27
1697880602,7336.72
1697880603,7332.27
1697880604,7331.89
1697880605,7330.62
1697880606,7328.48
1697880607,7321.85
1697880608,7320.59
1697880609,7320.38
1697880610,7321.47
1697880611,7320.46
1697880612,7318.75
1697880613,7320.75
1697880614,7318.41
1697880615,7316.45
1697880616,7318.48
1697880617,7323.11
1697880618,7325.15
1697880619,7327.04
1697880620,7328.08
1697880621,7327.85
1697880622,7326.63
1697880623,7326.43
1697880624,7328.70
1697880625,7328.57
1697880626,7326.14
1697880627,7318.34
1697880628,7314.03
1697880629,7313.99
1697880630,7314.76
1697880631,7317.89
1697880632,7316.80
1697880633,7319.68
1697880634,7324.20
1697880635,7325.57
1697880636,7326.49
1697880637,7329.40
1697880638,7327.22
1697880639,7322.99
1697880640,7323.33
1697880641,7321.52
1697880642,7323.76
1697880643,7324.56
1697880644,7326.87
1697880645,7326.68
1697880646,7324.13
1697880647,7319.13
1697880648,7319.85
1697880649,7321.11
1697880650,7321.20
1697880651,7321.53
1697880652,7319.98
1697880653,7319.55
1697880654,7319.35
1697880655,7317.38
1697880656,7315.66
1697880657,7317.95
1697880658,7319.93
1697880659,7321.22
1697880660,7321.05
1697880661,7318.78
1697880662,7314.46
1697880663,7315.70
1697880664,7315.48
1697880665,7316.61
1697880666,7317.27
1697880667,7319.49
1697880668,7319.01
1697880669,7318.75
1697880670,7318.37
1697880671,7315.03
1697880672,7312.79
1697880673,7313.76
1697880674,7314.23
1697880675,7315.34
1697880676,7318.64
1697880677,7319.98
1697880678,7321.37
1697880679,7322.14
1697880680,7320.68
1697880681,7310.73
1697880682,7305.05
1697880683,7308.43
1697880684,7308.28
1697880685,7308.29
1697880686,7310.12
1697880687,7311.01
1697880688,7305.62
1697880689,7306.34
1697880690,7305.93
1697880691,7309.64
1697880692,7312.88
1697880693,7317.34
1697880694,7317.99
1697880695,7318.38
1697880696,7314.17
1697880697,7310.35
1697880698,7311.12
1697880699,7311.26
1697880700,7310.66
1697880701,7308.43
1697880702,7311.42
1697880703,7309.72
1697880704,7309.78
1697880705,7310.32
1697880706,7311.77
1697880707,7316.79
1697880708,7317.87
1697880709,7316.21
1697880710,7316.69
1697880711,7319.22
1697880712,7318.19
1697880713,7320.47
1697880714,7322.89
1697880715,7322.81
1697880716,7316.94
1697880717,7313.00
1697880718,7310.99
1697880719,7313.15
1697880720,7310.23
1697880721,7307.41
1697880722,7309.85
1697880723,7311.88
1697880724,7310.01
1697880725,7312.45
1697880726,7314.39
1697880727,7317.07
1697880728,7313.84
1697880729,7313.94
1697880730,7314.55
1697880731,7314.90
1697880732,7319.70
1697880733,7321.72
1697880734,7321.71
1697880735,7320.18
1697880736,7316.44
1697880737,7309.75
1697880738,7310.06
1697880739,7311.47
1697880740,7310.76
1697880741,7313.23
1697880742,7317.31
1697880743,7318.99
1697880744,7319.54
1697880745,7316.90
1697880746,7313.36
1697880747,7316.66
1697880748,7316.43
1697880749,7316.13
1697880750,7318.76
1697880751,7318.69
1697880752,7320.52
1697880753,7319.09
1697880754,7317.56
1697880755,7316.12
1697880756,7321.03
1697880757,7321.14
1697880758,7323.24
1697880759,7324.81
1697880760,7324.10
1697880761,7321.76
1697880762,7320.24
1697880763,7318.82
1697880764,7318.16
1697880765,7314.43
1697880766,7313.02
1697880767,7313.07
1697880768,7315.89
1697880769,7315.56
1697880770,7317.46
1697880771,7321.64
1697880772,7327.63
1697880773,7327.78
1697880774,7329.51
1697880775,7331.16
1697880776,7330.95
1697880777,7335.02
1697880778,7334.13
1697880779,7334.24
1697880780,7333.22
1697880781,7331.64
1697880782,7330.80
1697880783,7328.14
1697880784,7325.12
1697880785,7324.80
1697880786,7325.55
1697880787,7324.83
1697880788,7329.00
1697880789,7333.30
1697880790,7332.47
1697880791,7334.46
1697880792,7334.90
1697880793,7333.19
1697880794,7330.31
1697880795,7331.33
1697880796,7330.98
1697880797,7332.98
1697880798,7333.11
1697880799,7331.30
1697880800,7330.81
1697880801,7330.88
1697880802,7331.32
1697880803,7331.94
1697880804,7332.26
1697880805,7331.88
1697880806,7332.39
1697880807,7334.63
1697880808,7334.76
1697880809,7334.23
1697880810,7332.32
1697880811,7333.57
1697880812,7333.61
1697880813,7334.05
1697880814,7331.31
1697880815,7328.54
1697880816,7326.17
1697880817,7326.07
1697880818,7325.36
1697880819,7324.16
1697880820,7327.63
1697880821,7331.21
1697880822,7330.76
1697880823,7330.67
1697880824,7331.28
1697880825,7334.00
1697880826,7335.47
1697880827,7338.03
1697880828,7338.23
1697880829,7334.54
1697880830,7330.34
1697880831,7329.61
1697880832,7329.32
1697880833,7323.60
1697880834,7307.97
1697880835,7295.02
1697880836,7286.28
1697880837,7267.07
1697880838,7257.93
1697880839,7261.36
1697880840,7268.92
1697880841,7268.46
1697880842,7261.94
1697880843,7257.07
1697880844,7257.03
1697880845,7254.80
1697880846,7258.44
1697880847,7265.83
1697880848,7276.32
1697880849,7279.37
1697880850,7285.49
1697880851,7289.78
1697880852,7292.84
1697880853,7291.94
1697880854,7288.18
1697880855,7288.22
1697880856,7289.84
1697880857,7297.90
1697880858,7305.29
1697880859,7312.58
1697880860,7315.36
1697880861,7313.58
1697880862,7307.99
1697880863,7299.80
1697880864,7294.80
1697880865,7287.36
1697880866,7286.22
1697880867,7283.11
1697880868,7280.62
1697880869,7278.33
1697880870,7281.28
1697880871,7279.84
1697880872,7278.53
1697880873,7275.47
1697880874,7279.55
1697880875,7285.80
1697880876,7291.56
1697880877,7299.85
1697880878,7306.70
1697880879,7305.42
1697880880,7301.72
1697880881,7298.86
1697880882,7295.98
1697880883,7288.26
1697880884,7282.30
1697880885,7276.47
1697880886,7272.00
1697880887,7267.84
1697880888,7261.50
1697880889,7264.38
1697880890,7267.96
1697880891,7271.84
1697880892,7270.54
1697880893,7273.79
1697880894,7275.96
1697880895,7278.21
1697880896,7280.82
1697880897,7294.54
1697880898,7301.18
1697880899,7312.37
1697880900,7319.86
1697880901,7323.86
1697880902,7327.31
1697880903,7330.03
1697880904,7330.04
1697880905,7330.10
1697880906,7331.54
1697880907,7334.14
1697880908,7334.38
1697880909,7333.98
1697880910,7333.63
1697880911,7333.68
1697880912,7333.77
1697880913,7331.92
1697880914,7331.61
1697880915,7336.46
1697880916,7338.11
1697880917,7332.40
1697880918,7330.33
1697880919,7332.02
1697880920,7332.45
1697880921,7330.83
1697880922,7328.96
1697880923,7327.06
1697880924,7327.82
1697880925,7329.31
1697880926,7329.12
1697880927,7331.75
1697880928,7329.77
1697880929,7328.75
1697880930,7327.00
1697880931,7326.61
1697880932,7323.60
1697880933,7324.38
1697880934,7324.43
1697880935,7326.46
1697880936,7327.75
1697880937,7326.65
1697880938,7324.01
1697880939,7324.36
1697880940,7324.30
1697880941,7324.93
1697880942,7328.85
1697880943,7326.31
1697880944,7329.02
1697880945,7328.67
1697880946,7327.24
1697880947,7322.41
1697880948,7325.36
1697880949,7325.01
1697880950,7326.25
1697880951,7326.20
1697880952,7324.38
1697880953,7323.23
1697880954,7323.16
1697880955,7324.33
1697880956,7325.30
1697880957,7325.09
1697880958,7319.06
1697880959,7320.66
1697880960,7318.13
1697880961,7316.41
1697880962,7318.29
1697880963,7320.43
1697880964,7319.76
1697880965,7321.42
1697880966,7321.64
1697880967,7314.68
1697880968,7319.24
1697880969,7321.26
1697880970,7322.26
1697880971,7320.41
1697880972,7319.19
1697880973,7321.00
1697880974,7320.88
1697880975,7322.45
1697880976,7324.12
1697880977,7323.84
1697880978,7319.61
1697880979,7318.46
1697880980,7315.40
1697880981,7314.94
1697880982,7314.08
1697880983,7319.19
1697880984,7319.80
1697880985,7321.67
1697880986,7321.42
1697880987,7322.02
1697880988,7323.20
1697880989,7325.85
1697880990,7327.88
1697880991,7327.04
1697880992,7325.20
1697880993,7323.55
1697880994,7321.94
1697880995,7320.20
1697880996,7317.12
1697880997,7319.20
1697880998,7321.44
1697880999,7323.18
1697881000,7323.20
1697881001,7322.04
1697881002,7324.05
1697881003,7323.96
1697881004,7323.36
1697881005,7324.33
1697881006,7324.10
1697881007,7325.51
1697881008,7328.64
1697881009,7326.68
1697881010,7327.21
1697881011,7324.90
1697881012,7324.31
1697881013,7325.31
1697881014,7328.45
1697881015,7328.63
1697881016,7329.59
1697881017,7332.20
1697881018,7334.36
1697881019,7333.13
1697881020,7333.08
1697881021,7331.22
1697881022,7331.53
1697881023,7330.18
1697881024,7332.02
1697881025,7329.46
1697881026,7328.93
1697881027,7329.53
1697881028,7329.89
1697881029,7327.70
1697881030,7324.54
1697881031,7322.50
1697881032,7326.92
1697881033,7326.12
1697881034,7327.68
1697881035,7328.66
1697881036,7327.55
1697881037,7324.34
1697881038,7324.44
1697881039,7323.29
1697881040,7319.74
1697881041,7321.53
1697881042,7322.60
1697881043,7325.23
1697881044,7325.36
1697881045,7327.89
1697881046,7325.51
1697881047,7326.79
1697881048,7325.31
1697881049,7322.86
1697881050,7322.63
1697881051,7321.07
1697881052,7324.45
1697881053,7322.93
1697881054,7323.50
1697881055,7321.37
1697881056,7320.11
1697881057,7319.43
1697881058,7320.73
1697881059,7322.15
1697881060,7319.35
1697881061,7316.18
1697881062,7316.89
1697881063,7317.31
1697881064,7319.21
1697881065,7323.76
1697881066,7325.88
1697881067,7328.52
1697881068,7332.51
1697881069,7333.17
1697881070,7331.38
1697881071,7334.20
1697881072,7334.41
1697881073,7329.39
1697881074,7326.28
1697881075,7323.64
1697881076,7327.28
1697881077,7327.51
1697881078,7331.67
1697881079,7333.68
1697881080,7331.82
1697881081,7331.33
1697881082,7331.09
1697881083,7330.82
1697881084,7328.16
1697881085,7325.73
1697881086,7322.53
1697881087,7324.84
1697881088,7326.12
1697881089,7324.38
1697881090,7328.29
1697881091,7331.86
1697881092,7330.61
1697881093,7332.14
1697881094,7332.58
1697881095,7329.91
1697881096,7328.92
1697881097,7327.16
1697881098,7326.42
1697881099,7327.24
1697881100,7327.28
1697881101,7329.04
1697881102,7330.33
1697881103,7329.27
1697881104,7323.21
1697881105,7321.90
1697881106,7320.09
1697881107,7321.05
1697881108,7322.10
1697881109,7322.90
1697881110,7322.93
1697881111,7325.24
1697881112,7324.15
1697881113,7323.48
1697881114,7320.86
1697881115,7320.02
1697881116,7322.35
1697881117,7322.78
1697881118,7322.52
1697881119,7318.25
1697881120,7322.19
1697881121,7325.91
1697881122,7324.44
1697881123,7323.39
1697881124,7324.78
1697881125,7324.70
1697881126,7323.79
1697881127,7324.43
1697881128,7323.79
1697881129,7319.05
1697881130,7317.31
1697881131,7318.25
1697881132,7320.17
1697881133,7322.25
1697881134,7325.91
1697881135,7327.08
1697881136,7326.69
1697881137,7325.35
1697881138,7322.20
1697881139,7320.04
1697881140,7321.61
1697881141,7321.21
1697881142,7320.81
1697881143,7322.14
1697881144,7322.22
1697881145,7320.89
1697881146,7322.25
1697881147,7322.99
1697881148,7319.62
1697881149,7319.86
1697881150,7320.92
1697881151,7323.93
1697881152,7322.50
1697881153,7322.93
1697881154,7319.43
1697881155,7318.25
1697881156,7312.79
1697881157,7312.69
1697881158,7310.06
1697881159,7307.96
1697881160,7308.12
1697881161,7309.47
1697881162,7309.39
1697881163,7309.37
1697881164,7308.23
1697881165,7312.86
1697881166,7314.79
1697881167,7315.60
1697881168,7318.50
1697881169,7320.12
1697881170,7319.56
1697881171,7323.65
1697881172,7324.37
1697881173,7323.09
1697881174,7324.76
1697881175,7323.89
1697881176,7322.38
1697881177,7322.71
1697881178,7316.57
1697881179,7313.68
1697881180,7314.76
1697881181,7315.35
1697881182,7313.93
1697881183,7311.27
1697881184,7311.39
1697881185,7310.55
1697881186,7308.54
1697881187,7305.84
1697881188,7309.69
1697881189,7311.51
1697881190,7314.08
1697881191,7316.02
1697881192,7318.61
1697881193,7318.09
1697881194,7322.08
1697881195,7321.93
1697881196,7322.33
1697881197,7322.28
1697881198,7317.94
1697881199,7316.35
1697881200,7314.92
1697881201,7314.21
1697881202,7313.68
1697881203,7313.51
1697881204,7314.71
1697881205,7315.74
1697881206,7317.88
1697881207,7317.25
1697881208,7307.99
1697881209,7305.28
1697881210,7307.80
1697881211,7306.06
1697881212,7305.26
1697881213,7305.96
1697881214,7312.76
1697881215,7310.65
1697881216,7311.45
1697881217,7312.20
1697881218,7319.71
1697881219,7315.27
1697881220,7316.16
1697881221,7316.88
1697881222,7313.09
1697881223,7311.39
1697881224,7313.45
1697881225,7313.52
1697881226,7313.22
1697881227,7312.01
1697881228,7308.35
1697881229,7306.55
1697881230,7306.40
1697881231,7306.77
1697881232,7306.09
1697881233,7305.50
1697881234,7304.51
1697881235,7303.26
1697881236,7300.63
1697881237,7298.44
1697881238,7302.41
1697881239,7302.94
1697881240,7298.14
1697881241,7290.61
1697881242,7283.09
1697881243,7269.77
1697881244,7260.23
1697881245,7257.02
1697881246,7257.47
1697881247,7253.69
1697881248,7252.55
1697881249,7253.55
1697881250,7255.38
1697881251,7259.93
1697881252,7267.83
1697881253,7269.44
1697881254,7269.78
1697881255,7263.47
1697881256,7260.46
1697881257,7256.89
1697881258,7253.70
1697881259,7253.96
1697881260,7256.85
1697881261,7258.31
1697881262,7259.34
1697881263,7258.59
1697881264,7260.36
1697881265,7259.85
1697881266,7257.67
1697881267,7254.26
1697881268,7254.36
1697881269,7248.54
1697881270,7247.01
1697881271,7250.63
1697881272,7255.98
1697881273,7260.50
1697881274,7267.92
1697881275,7272.39
1697881276,7269.26
1697881277,7262.69
1697881278,7257.79
1697881279,7255.30
1697881280,7258.22
1697881281,7264.67
1697881282,7274.57
1697881283,7286.29
1697881284,7295.03
1697881285,7296.83
1697881286,7298.22
1697881287,7295.39
1697881288,7298.75
1697881289,7300.75
1697881290,7300.71
1697881291,7297.89
1697881292,7293.76
1697881293,7291.92
1697881294,7296.34
1697881295,7301.04
1697881296,7304.39
1697881297,7309.58
1697881298,7313.91
1697881299,7314.95
1697881300,7314.19
1697881301,7314.01
1697881302,7315.56
1697881303,7318.89
1697881304,7320.72
1697881305,7323.27
1697881306,7320.63
1697881307,7318.95
1697881308,7321.82
1697881309,7321.21
1697881310,7320.28
1697881311,7319.45
1697881312,7322.97
1697881313,7321.20
1697881314,7321.89
1697881315,7321.01
1697881316,7321.89
1697881317,7316.40
1697881318,7315.41
1697881319,7314.78
1697881320,7316.81
1697881321,7318.29
1697881322,7320.26
1697881323,7326.12
1697881324,7329.00
1697881325,7329.92
1697881326,7324.22
1697881327,7322.13
1697881328,7319.53
1697881329,7315.87
1697881330,7316.12
1697881331,7314.25
1697881332,7313.65
1697881333,7314.10
1697881334,7314.81
1697881335,7312.89
1697881336,7313.39
1697881337,7314.99
1697881338,7315.20
1697881339,7315.16
1697881340,7315.41
1697881341,7315.30
1697881342,7315.76
1697881343,7317.47
1697881344,7317.75
1697881345,7316.97
1697881346,7318.30
1697881347,7316.80
1697881348,7311.83
1697881349,7311.97
1697881350,7310.12
1697881351,7308.31
1697881352,7308.80
1697881353,7313.96
1697881354,7319.05
1697881355,7319.92
1697881356,7320.03
1697881357,7320.04
1697881358,7317.72
1697881359,7315.26
1697881360,7314.69
1697881361,7313.78
1697881362,7313.09
1697881363,7313.65
1697881364,7313.00
1697881365,7311.45
1697881366,7312.83
1697881367,7313.79
1697881368,7313.81
1697881369,7314.99
1697881370,7310.71
1697881371,7309.65
1697881372,7311.49
1697881373,7310.47
1697881374,7311.01
1697881375,7310.51
1697881376,7314.30
1697881377,7313.71
1697881378,7315.58
1697881379,7314.57
1697881380,7317.01
1697881381,7316.91
1697881382,7318.38
1697881383,7317.84
1697881384,7317.14
1697881385,7315.20
1697881386,7314.08
1697881387,7316.38
1697881388,7316.16
1697881389,7317.01
1697881390,7313.99
1697881391,7314.34
1697881392,7311.10
1697881393,7310.38
1697881394,7307.48
1697881395,7306.76
1697881396,7305.85
1697881397,7309.11
1697881398,7310.11
1697881399,7312.74
1697881400,7312.36
1697881401,7313.99
1697881402,7314.87
1697881403,7316.78
1697881404,7317.00
1697881405,7313.30
1697881406,7309.35
1697881407,7309.00
1697881408,7307.52
1697881409,7305.42
1697881410,7303.79
1697881411,7306.07
1697881412,7306.77
1697881413,7309.85
1697881414,7306.94
1697881415,7309.36
1697881416,7309.99
1697881417,7311.80
1697881418,7310.25
1697881419,7309.27
1697881420,7306.34
1697881421,7306.41
1697881422,7305.98
1697881423,7305.11
1697881424,7309.29
1697881425,7313.06
1697881426,7314.21
1697881427,7315.92
1697881428,7315.94
1697881429,7314.03
1697881430,7308.54
1697881431,7309.09
1697881432,7307.14
1697881433,7308.16
1697881434,7306.63
1697881435,7306.15
1697881436,7306.79
1697881437,7309.47
1697881438,7309.26
1697881439,7308.16
1697881440,7308.88
1697881441,7305.63
1697881442,7304.33
1697881443,7303.85
1697881444,7302.02
1697881445,7302.17
1697881446,7307.42
1697881447,7308.54
1697881448,7307.31
1697881449,7305.77
1697881450,7307.23
1697881451,7307.13
1697881452,7308.91
1697881453,7309.37
1697881454,7305.64
1697881455,7302.60
1697881456,7304.28
1697881457,7303.14
1697881458,7302.59
1697881459,7301.96
1697881460,7300.76
1697881461,7298.84
1697881462,7299.48
1697881463,7299.06
1697881464,7301.06
1697881465,7303.18
1697881466,7303.32
1697881467,7306.07
1697881468,7307.25
1697881469,7308.32
1697881470,7308.78
1697881471,7307.24
1697881472,7303.82
1697881473,7302.84
1697881474,7293.94
1697881475,7290.99
1697881476,7292.05
1697881477,7292.19
1697881478,7290.56
1697881479,7294.72
1697881480,7297.96
1697881481,7300.62
1697881482,7302.50
1697881483,7302.77
1697881484,7302.75
1697881485,7304.29
1697881486,7302.56
1697881487,7302.44
1697881488,7302.48
1697881489,7301.35
1697881490,7302.42
1697881491,7304.45
1697881492,7304.91
1697881493,7302.44
1697881494,7302.71
1697881495,7300.19
1697881496,7300.20
1697881497,7300.87
1697881498,7298.72
1697881499,7294.97
1697881500,7295.36
1697881501,7297.17
1697881502,7298.22
1697881503,7299.64
1697881504,7305.89
1697881505,7309.44
1697881506,7309.60
1697881507,7309.08
1697881508,7306.62
1697881509,7304.86
1697881510,7303.00
1697881511,7302.84
1697881512,7302.58
1697881513,7303.70
1697881514,7304.09
1697881515,7304.02
1697881516,7304.66
1697881517,7306.74
1697881518,7305.67
1697881519,7307.77
1697881520,7307.44
1697881521,7307.44
1697881522,7304.34
1697881523,7303.06
1697881524,7298.93
1697881525,7300.84
1697881526,7300.38
1697881527,7300.47
1697881528,7297.72
1697881529,7298.58
1697881530,7299.19
1697881531,7296.11
1697881532,7296.28
1697881533,7296.02
1697881534,7297.53
1697881535,7298.58
1697881536,7300.76
1697881537,7303.23
1697881538,7305.51
1697881539,7308.43
1697881540,7308.62
1697881541,7307.42
1697881542,7306.72
1697881543,7305.14
1697881544,7308.40
1697881545,7309.10
1697881546,7308.29
1697881547,7308.01
1697881548,7308.91
1697881549,7302.70
1697881550,7301.49
1697881551,7303.23
1697881552,7302.21
1697881553,7299.40
1697881554,7300.88
1697881555,7303.33
1697881556,7305.06
1697881557,7307.31
1697881558,7304.60
1697881559,7308.63
1697881560,7307.52
1697881561,7305.89
1697881562,7302.27
1697881563,7301.31
1697881564,7300.31
1697881565,7301.61
1697881566,7300.61
1697881567,7301.63
1697881568,7304.77
1697881569,7304.03
1697881570,7303.78
1697881571,7305.28
1697881572,7302.74
1697881573,7298.99
1697881574,7299.39
1697881575,7300.06
1697881576,7299.27
1697881577,7301.46
1697881578,7300.99
1697881579,7302.55
1697881580,7302.16
1697881581,7303.55
1697881582,7300.76
1697881583,7303.73
1697881584,7305.47
1697881585,7311.22
1697881586,7313.21
1697881587,7312.14
1697881588,7311.78
1697881589,7311.79
1697881590,7311.66
1697881591,7308.63
1697881592,7305.17
1697881593,7308.71
1697881594,7310.22
1697881595,7308.42
1697881596,7308.10
1697881597,7307.75
1697881598,7305.54
1697881599,7307.51
1697881600,7304.80
1697881601,7304.78
1697881602,7307.76
1697881603,7306.51
1697881604,7303.84
1697881605,7305.07
1697881606,7305.77
1697881607,7302.27
1697881608,7299.33
1697881609,7302.30
1697881610,7303.04
1697881611,7299.73
1697881612,7294.64
1697881613,7299.86
1697881614,7296.59
1697881615,7296.24
1697881616,7299.63
1697881617,7302.13
1697881618,7302.25
1697881619,7307.42
1697881621,7310.97
1697881621,7311.79
1697881622,7311.77
1697881623,7313.46
1697881624,7312.98
1697881625,7311.06
1697881626,7308.98
1697881627,7312.84
1697881628,7311.57
1697881629,7308.67
1697881630,7303.19
1697881631,7301.15
1697881632,7293.38
1697881633,7291.26
1697881634,7293.50
1697881635,7297.41
1697881636,7295.80
1697881637,7298.98
1697881638,7298.80
1697881639,7299.44
1697881640,7297.88
1697881641,7299.88
1697881642,7297.95
1697881643,7300.02
1697881644,7300.82
1697881645,7302.34
1697881646,7298.15
1697881647,7301.19
1697881648,7302.23
1697881649,7304.00
1697881650,7304.52
1697881651,7306.01
1697881652,7305.51
1697881653,7304.33
1697881654,7301.38
1697881655,7302.92
1697881656,7300.49
1697881657,7299.54
1697881658,7301.67
1697881659,7302.05
1697881660,7298.68
1697881661,7296.19
1697881662,7297.54
1697881663,7296.59
1697881664,7298.22
1697881665,7299.37
1697881666,7302.51
1697881667,7299.34
1697881668,7301.85
1697881669,7303.30
1697881670,7303.95
1697881671,7304.56
1697881672,7308.62
1697881673,7306.31
1697881674,7304.68
1697881675,7305.08
1697881676,7297.89
1697881677,7296.79
1697881678,7296.43
1697881679,7294.15
1697881680,7292.87
1697881681,7295.72
1697881682,7293.39
1697881683,7294.12
1697881684,7296.03
1697881685,7294.66
1697881686,7296.96
1697881687,7299.28
1697881688,7297.72
1697881689,7298.45
1697881690,7298.34
1697881691,7292.50
1697881692,7294.68
1697881693,7296.97
1697881694,7299.79
1697881695,7299.49
1697881696,7299.63
1697881697,7300.62
1697881698,7299.03
1697881699,7297.77
1697881700,7301.80
1697881701,7302.79
1697881702,7301.65
1697881703,7302.67
1697881704,7303.62
1697881705,7301.46
1697881706,7301.07
1697881707,7300.58
1697881708,7301.45
1697881709,7299.54
1697881710,7296.42
1697881711,7294.48
1697881712,7292.50
1697881713,7291.88
1697881714,7293.96
1697881715,7291.58
1697881716,7290.57
1697881717,7293.14
1697881718,7293.38
1697881719,7292.46
1697881720,7292.40
1697881721,7292.50
1697881722,7295.24
1697881723,7299.99
1697881724,7301.73
1697881725,7300.52
1697881726,7301.22
1697881727,7300.33
1697881728,7299.11
1697881729,7299.11
1697881730,7299.71
1697881731,7298.69
1697881732,7297.50
1697881733,7296.86
1697881734,7297.17
1697881735,7294.44
1697881736,7292.15
1697881737,7293.36
1697881738,7290.60
1697881739,7292.55
1697881740,7293.41
1697881741,7294.95
1697881742,7296.78
1697881743,7299.23
1697881744,7297.07
1697881745,7295.54
1697881746,7296.75
1697881747,7297.75
1697881748,7298.79
1697881749,7297.70
1697881750,7295.11
1697881751,7297.70
1697881752,7297.26
1697881753,7295.68
1697881754,7296.29
1697881755,7295.09
1697881756,7295.06
1697881757,7295.81
1697881758,7296.46
1697881759,7296.28
1697881760,7290.12
1697881761,7292.64
1697881762,7293.48
1697881763,7293.40
1697881764,7294.16
1697881765,7293.11
1697881766,7292.73
1697881767,7291.50
1697881768,7290.05
1697881769,7288.45
1697881770,7291.26
1697881771,7293.15
1697881772,7293.35
1697881773,7293.63
1697881774,7294.03
1697881775,7292.66
1697881776,7290.87
1697881777,7295.22
1697881778,7296.73
1697881779,7295.21
1697881780,7296.98
1697881781,7298.26
1697881782,7297.00
1697881783,7298.17
1697881784,7299.51
1697881785,7292.53
1697881786,7291.84
1697881787,7289.94
1697881788,7290.56
1697881789,7291.72
1697881790,7294.82
1697881791,7293.82
1697881792,7294.09
1697881793,7295.00
1697881794,7295.81
1697881795,7294.62
1697881796,7294.24
1697881797,7293.95
1697881798,7293.17
1697881799,7290.92
1697881800,7289.53
1697881801,7295.45
1697881802,7296.40
1697881803,7295.80
1697881804,7295.71
1697881805,7295.84
1697881806,7294.08
1697881807,7295.14
1697881808,7296.95
1697881809,7296.58
1697881810,7298.43
1697881811,7298.21
1697881812,7299.93
1697881813,7298.93
1697881814,7297.54
1697881815,7296.70
1697881816,7298.98
1697881817,7296.63
1697881818,7296.38
1697881819,7291.87
1697881820,7290.87
1697881821,7291.61
1697881822,7294.75
1697881823,7293.80
1697881824,7295.99
1697881825,7295.15
1697881826,7295.46
1697881827,7295.12
1697881828,7295.64
1697881829,7293.01
1697881830,7293.65
1697881831,7292.96
1697881832,7290.97
1697881833,7290.90
1697881834,7291.26
1697881835,7290.27
1697881836,7290.52
1697881837,7292.19
1697881838,7291.99
1697881839,7296.46
1697881840,7297.29
1697881841,7302.47
1697881842,7303.87
1697881843,7303.95
1697881844,7298.49
1697881845,7297.41
1697881846,7296.04
1697881847,7296.20
1697881848,7296.23
1697881849,7296.03
1697881850,7294.71
1697881851,7294.87
1697881852,7294.02
1697881853,7293.56
1697881854,7292.61
1697881855,7298.87
1697881856,7302.22
1697881857,7303.86
1697881858,7301.85
1697881859,7299.46
1697881860,7296.62
1697881861,7294.71
1697881862,7293.00
1697881863,7293.06
1697881864,7289.34
1697881865,7289.28
1697881866,7289.85
1697881867,7290.20
1697881868,7291.21
1697881869,7292.92
1697881870,7298.54
1697881871,7301.43
1697881872,7303.12
1697881873,7302.65
1697881874,7303.39
1697881875,7303.39
1697881876,7303.38
1697881877,7302.79
1697881878,7300.34
1697881879,7299.73
1697881880,7297.78
1697881881,7297.82
1697881882,7295.61
1697881883,7296.98
1697881884,7295.16
1697881885,7295.13
1697881886,7290.75
1697881887,7293.03
1697881888,7294.23
1697881889,7295.55
1697881890,7298.99
1697881891,7299.33
1697881892,7300.72
1697881893,7297.41
1697881894,7297.03
1697881895,7293.49
1697881896,7291.35
1697881897,7289.44
1697881898,7289.20
1697881899,7286.66
1697881900,7288.51
1697881901,7292.65
1697881902,7291.66
1697881903,7285.09
1697881904,7285.92
1697881905,7285.73
1697881906,7278.74
1697881907,7277.16
1697881908,7280.33
1697881909,7280.93
1697881910,7285.32
1697881911,7292.74
1697881912,7295.63
1697881913,7292.75
1697881914,7293.47
1697881915,7291.54
1697881916,7288.63
1697881917,7284.70
1697881918,7284.54
1697881919,7282.07
1697881920,7279.46
1697881921,7284.01
1697881922,7286.25
1697881923,7285.77
1697881924,7288.47
1697881925,7289.36
1697881926,7284.94
1697881927,7276.87
1697881928,7274.48
1697881929,7271.14
1697881930,7276.25
1697881931,7286.00
1697881933,7294.15
1697881932,7296.80
1697881934,7300.17
1697881935,7299.16
1697881936,7297.14
1697881937,7297.38
1697881938,7295.84
1697881939,7298.88
1697881940,7299.04
1697881941,7300.13
1697881942,7300.28
1697881943,7303.60
1697881944,7301.05
1697881945,7302.11
1697881946,7300.77
1697881947,7300.85
1697881948,7299.73
1697881949,7302.83
1697881950,7305.32
1697881951,7305.16
1697881952,7303.86
1697881953,7298.85
1697881954,7296.72
1697881955,7295.69
1697881956,7297.93
1697881957,7296.18
1697881958,7295.43
1697881959,7298.98
1697881960,7300.70
1697881961,7300.65
1697881962,7304.19
1697881963,7307.46
1697881964,7311.14
1697881965,7308.96
1697881966,7307.98
1697881967,7305.78
1697881968,7303.30
1697881969,7301.34
1697881970,7305.56
1697881971,7302.16
1697881972,7098.60
1697881973,6838.64
1697881974,6399.12
1697881975,4932.04
1697881976,3704.36
1697881977,2767.09
1697881978,2447.48
1697881979,2368.61
1697881980,2273.18
1697881981,2189.44
1697881982,2155.47
1697881983,2145.82